{
  "project_info": {
    "project_number": "622522029379",
    "project_id": "mydiary-c30d7",
    "storage_bucket": "mydiary-c30d7.appspot.com"
  },
  "client": [
    {
      "client_info": {
        "mobilesdk_app_id": "1:622522029379:android:c521787e6a6aa434db0bf6",
        "android_client_info": {
          "package_name": "com.example.kimochinikki"
        }
      },
      "oauth_client": [
        {
          "client_id": "622522029379-0drijg6o6nkep21u73mgi6t14qm656hm.apps.googleusercontent.com",
          "client_type": 3
        }
      ],
      "api_key": [
        {
          "current_key": "AIzaSyBp0H3ayw914tNCc7m_ZyVSjSoRfY1UWDo"
        }
      ],
      "services": {
        "appinvite_service": {
          "other_platform_oauth_client": [
            {
              "client_id": "622522029379-0drijg6o6nkep21u73mgi6t14qm656hm.apps.googleusercontent.com",
              "client_type": 3
            }
          ]
        }
      }
    }
  ],
  "configuration_version": "1"
}